{
  "max_score": 0.16348955336682808,
  "min_score": -0.1513535347672229
}